{"stats":{"minecraft:custom":{"minecraft:jump":11,"minecraft:time_since_rest":19540,"minecraft:play_time":19540,"minecraft:sprint_one_cm":2765,"minecraft:time_since_death":19540,"minecraft:walk_one_cm":2592,"minecraft:sneak_time":40,"minecraft:climb_one_cm":358,"minecraft:total_world_time":19540,"minecraft:drop":5,"minecraft:fly_one_cm":15532},"minecraft:dropped":{"jujutsucraft:uniform_normal_boots":1,"jujutsucraft:glasses_maki_leggings":1,"jujutsucraft:glasses_maki_chestplate":1,"jujutsucraft:uniform_normal_chestplate":1,"jujutsucraft:uniform_normal_leggings":1}},"DataVersion":3465}