{"stats":{"minecraft:killed":{"minecraft:frog":1,"jujutsucraft:crow":1},"minecraft:custom":{"minecraft:time_since_rest":65582,"minecraft:crouch_one_cm":93,"minecraft:play_time":65582,"minecraft:sprint_one_cm":38489,"minecraft:damage_taken":292,"minecraft:walk_one_cm":32553,"minecraft:sneak_time":250,"minecraft:mob_kills":2,"minecraft:drop":18,"minecraft:damage_dealt_resisted":182,"minecraft:jump":167,"minecraft:leave_game":4,"minecraft:time_since_death":65582,"minecraft:total_world_time":65582,"minecraft:climb_one_cm":1371,"minecraft:damage_resisted":194,"minecraft:fall_one_cm":1635,"minecraft:fly_one_cm":221893},"minecraft:dropped":{"jujutsucraft:nyoi_staff":10,"minecraft:dirt":1,"jujutsucraft:glasses_maki_leggings":1,"jujutsucraft:uniform_normal_leggings":1,"jujutsucraft:uniform_normal_boots":1,"jujutsucraft:glasses_maki_chestplate":1,"minecraft:grass_block":1,"minecraft:birch_sapling":1,"jujutsucraft:uniform_normal_chestplate":1},"minecraft:picked_up":{"jujutsucraft:nyoi_staff":2,"minecraft:grass_block":1,"minecraft:birch_sapling":1},"minecraft:used":{"jujutsucraft:nyoi_staff":8,"minecraft:dirt":50,"minecraft:grass_block":3}},"DataVersion":3465}