{"stats":{"minecraft:custom":{"minecraft:time_since_rest":43439,"minecraft:crouch_one_cm":93,"minecraft:sprint_one_cm":17430,"minecraft:play_time":43439,"minecraft:walk_one_cm":22633,"minecraft:sneak_time":217,"minecraft:mob_kills":2,"minecraft:drop":13,"minecraft:damage_dealt_resisted":28,"minecraft:jump":87,"minecraft:leave_game":1,"minecraft:time_since_death":43439,"minecraft:climb_one_cm":805,"minecraft:total_world_time":43439,"minecraft:fly_one_cm":108201},"minecraft:dropped":{"jujutsucraft:nyoi_staff":5,"minecraft:dirt":1,"jujutsucraft:glasses_maki_leggings":1,"jujutsucraft:uniform_normal_leggings":1,"jujutsucraft:uniform_normal_boots":1,"jujutsucraft:glasses_maki_chestplate":1,"minecraft:grass_block":1,"minecraft:birch_sapling":1,"jujutsucraft:uniform_normal_chestplate":1},"minecraft:killed":{"minecraft:frog":1,"jujutsucraft:crow":1},"minecraft:picked_up":{"minecraft:grass_block":1,"minecraft:birch_sapling":1},"minecraft:used":{"jujutsucraft:nyoi_staff":5,"minecraft:dirt":50,"minecraft:grass_block":3}},"DataVersion":3465}