{"stats":{"minecraft:custom":{"minecraft:jump":28,"minecraft:time_since_rest":31540,"minecraft:play_time":31540,"minecraft:sprint_one_cm":3548,"minecraft:time_since_death":31540,"minecraft:walk_one_cm":7681,"minecraft:sneak_time":73,"minecraft:climb_one_cm":358,"minecraft:total_world_time":31540,"minecraft:drop":11,"minecraft:fly_one_cm":24421},"minecraft:dropped":{"jujutsucraft:nyoi_staff":5,"jujutsucraft:uniform_normal_boots":1,"jujutsucraft:glasses_maki_leggings":1,"minecraft:grass_block":1,"jujutsucraft:glasses_maki_chestplate":1,"jujutsucraft:uniform_normal_chestplate":1,"jujutsucraft:uniform_normal_leggings":1},"minecraft:used":{"jujutsucraft:nyoi_staff":5,"minecraft:grass_block":3},"minecraft:picked_up":{"minecraft:grass_block":1}},"DataVersion":3465}