{"stats":{"minecraft:used":{"jujutsucraft:fester_life_blade":3,"minecraft:dirt":5,"minecraft:birch_log":1},"minecraft:custom":{"minecraft:time_since_rest":40325,"minecraft:sprint_one_cm":86117,"minecraft:damage_taken":268,"minecraft:walk_one_cm":43062,"minecraft:mob_kills":20,"minecraft:drop":16,"minecraft:fly_one_cm":260252,"minecraft:crouch_one_cm":108,"minecraft:play_time":40325,"minecraft:sneak_time":147,"minecraft:walk_under_water_one_cm":2438,"minecraft:jump":250,"minecraft:damage_dealt_resisted":2624,"minecraft:leave_game":5,"minecraft:walk_on_water_one_cm":4286,"minecraft:time_since_death":40325,"minecraft:climb_one_cm":2854,"minecraft:total_world_time":40325,"minecraft:damage_resisted":1070,"minecraft:fall_one_cm":15111},"minecraft:picked_up":{"minecraft:birch_log":1,"minecraft:leather":5,"minecraft:lead":2,"jujutsucraft:fester_life_blade":1,"minecraft:dirt":6,"minecraft:beef":6},"minecraft:mined":{"minecraft:birch_log":1,"minecraft:birch_leaves":2,"minecraft:grass":1,"minecraft:grass_block":2,"minecraft:vine":1,"minecraft:dirt":3},"minecraft:killed":{"jujutsucraft:cursed_spirit_grade_39":1,"minecraft:trader_llama":2,"jujutsucraft:shigemo_haruta":1,"jujutsucraft:cursed_spirit_grade_33":1,"jujutsucraft:cursed_spirit_grade_36":1,"jujutsucraft:cursed_spirit_grade_318":1,"minecraft:wandering_trader":1,"jujutsucraft:cockroach_larva":8,"minecraft:cow":4},"minecraft:dropped":{"minecraft:dirt":1,"jujutsucraft:uniform_normal_leggings":1,"jujutsucraft:glasses_maki_leggings":1,"minecraft:leather":3,"minecraft:beef":6,"jujutsucraft:uniform_normal_boots":1,"jujutsucraft:fester_life_blade":1,"jujutsucraft:glasses_maki_chestplate":1,"jujutsucraft:uniform_normal_chestplate":1}},"DataVersion":3465}