{"stats":{"minecraft:picked_up":{"minecraft:birch_log":1,"minecraft:leather":3,"minecraft:beef":6,"jujutsucraft:fester_life_blade":1,"minecraft:dirt":6},"minecraft:custom":{"minecraft:time_since_rest":20723,"minecraft:crouch_one_cm":108,"minecraft:play_time":20723,"minecraft:sprint_one_cm":67944,"minecraft:damage_taken":262,"minecraft:walk_one_cm":30775,"minecraft:sneak_time":70,"minecraft:mob_kills":11,"minecraft:drop":16,"minecraft:damage_dealt_resisted":1821,"minecraft:jump":182,"minecraft:leave_game":4,"minecraft:time_since_death":20723,"minecraft:walk_on_water_one_cm":764,"minecraft:total_world_time":20723,"minecraft:climb_one_cm":2854,"minecraft:damage_resisted":1046,"minecraft:fall_one_cm":14132,"minecraft:fly_one_cm":150315},"minecraft:used":{"jujutsucraft:fester_life_blade":3,"minecraft:dirt":5,"minecraft:birch_log":1},"minecraft:killed":{"jujutsucraft:cursed_spirit_grade_39":1,"jujutsucraft:shigemo_haruta":1,"jujutsucraft:cockroach_larva":5,"minecraft:cow":4},"minecraft:mined":{"minecraft:grass_block":2,"minecraft:vine":1,"minecraft:dirt":3,"minecraft:birch_log":1},"minecraft:dropped":{"minecraft:dirt":1,"jujutsucraft:glasses_maki_leggings":1,"minecraft:leather":3,"minecraft:beef":6,"jujutsucraft:uniform_normal_leggings":1,"jujutsucraft:uniform_normal_boots":1,"jujutsucraft:fester_life_blade":1,"jujutsucraft:glasses_maki_chestplate":1,"jujutsucraft:uniform_normal_chestplate":1}},"DataVersion":3465}