{"stats":{"minecraft:mined":{"minecraft:birch_log":1},"minecraft:killed":{"jujutsucraft:cockroach_larva":3,"minecraft:cow":4},"minecraft:used":{"minecraft:birch_log":1},"minecraft:custom":{"minecraft:time_since_rest":7542,"minecraft:crouch_one_cm":108,"minecraft:play_time":7542,"minecraft:sprint_one_cm":41184,"minecraft:damage_taken":4,"minecraft:walk_one_cm":20079,"minecraft:sneak_time":70,"minecraft:mob_kills":7,"minecraft:drop":10,"minecraft:damage_dealt_resisted":870,"minecraft:jump":93,"minecraft:leave_game":2,"minecraft:time_since_death":7542,"minecraft:walk_on_water_one_cm":764,"minecraft:total_world_time":7542,"minecraft:climb_one_cm":865,"minecraft:damage_resisted":16,"minecraft:fall_one_cm":6463,"minecraft:fly_one_cm":107899},"minecraft:dropped":{"jujutsucraft:glasses_maki_leggings":1,"minecraft:leather":1,"minecraft:beef":3,"jujutsucraft:uniform_normal_leggings":1,"jujutsucraft:uniform_normal_boots":1,"jujutsucraft:fester_life_blade":1,"jujutsucraft:glasses_maki_chestplate":1,"jujutsucraft:uniform_normal_chestplate":1},"minecraft:picked_up":{"minecraft:birch_log":1,"minecraft:leather":3,"minecraft:beef":6,"jujutsucraft:fester_life_blade":1}},"DataVersion":3465}